group,period,n_lexical,n_speakers_lexical,n_active,vocab_size,distinctiveness,dynamicity,retention_next
Paleo,2023-01,223,171,232,62,0.6270273287748118,0.2887545179752255,0.1853448275862069
Paleo,2023-02,230,171,243,60,0.6141215958639161,0.2958589844207289,0.23045267489711935
Paleo,2023-03,225,158,235,65,0.6643123075391442,0.30541339350952906,0.1574468085106383
Paleo,2023-04,141,105,140,53,0.6693519024105706,0.44220750959573774,0.25
Paleo,2023-05,126,96,155,58,0.7931223963831044,0.47855495663006403,0.25806451612903225
Paleo,2023-06,217,150,195,58,0.6256201368444853,0.3889819162224816,0.1794871794871795
Paleo,2023-07,133,96,143,43,0.6713453235716156,0.31881309916968603,0.1958041958041958
Paleo,2023-08,111,84,128,32,0.8252748120936995,0.38353673359649026,0.28125
Paleo,2023-09,153,110,160,43,0.8357051186407723,0.4146317989998247,0.21875
Paleo,2023-10,142,105,151,45,0.7050589648330524,0.37738306813890643,0.17880794701986755
Paleo,2023-11,122,88,129,55,0.6608406989676947,0.41153509782614867,0.2558139534883721
Paleo,2023-12,101,71,113,48,0.8489050364149383,0.5100563104467994,0.23008849557522124
Paleo,2024-01,106,85,123,40,0.8109383689267371,0.4873814227288179,0.17886178861788618
Paleo,2024-02,129,96,128,46,0.8378191181308557,0.47674824455626214,0.3359375
Paleo,2024-03,180,128,180,49,0.6694037889030654,0.3120531046838001,0.24444444444444444
Paleo,2024-04,234,148,204,67,0.6915877809206367,0.4445207947112672,0.24509803921568626
Paleo,2024-05,262,147,199,71,0.5851243550322381,0.27294340176930654,0.2613065326633166
Paleo,2024-06,250,158,215,66,0.5582725204292353,0.2698224523564645,0.21395348837209302
Paleo,2024-07,183,125,206,51,0.684407466853164,0.46296955653634647,0.22330097087378642
Paleo,2024-08,234,160,245,59,0.6984161224628045,0.3443781593844743,0.22448979591836735
Paleo,2024-09,211,135,204,63,0.6797306293194592,0.38754807188646784,0.19607843137254902
Paleo,2024-10,178,137,210,57,0.8109199390969304,0.48248451957554045,0.1523809523809524
Paleo,2024-11,141,104,155,35,0.8655115105066017,0.43309252769299655,0.16774193548387098
Paleo,2024-12,165,132,187,42,0.740150694422658,0.3575505190463262,0.03208556149732621
Paleo,2025-01,19,16,27,8,1.0666874661558516,0.9106862975723187,0.0
Paleo,2025-02,5,4,16,47,0.8794063367049606,1.4680846316607257,0.0
Paleo,2025-03,1,1,6,1,2.780317312140151,4.047625277581783,0.0
carnivore,2023-01,1257,595,813,155,0.45076498472997356,0.2037266945262377,0.34317343173431736
carnivore,2023-02,958,504,676,142,0.4553439124861603,0.22235011223793064,0.40088757396449703
carnivore,2023-03,1213,603,841,169,0.408058496684771,0.2364551223586544,0.36028537455410226
carnivore,2023-04,1065,553,761,151,0.47202006440320554,0.22199550611310498,0.3968462549277267
carnivore,2023-05,1335,656,870,148,0.4623911441116784,0.22269049805003868,0.3367816091954023
carnivore,2023-06,1037,547,742,144,0.46225688670995285,0.2176387474469625,0.16442048517520216
carnivore,2023-07,363,241,351,94,0.4576113742807902,0.2607108212191929,0.21652421652421652
carnivore,2023-08,227,170,271,59,0.7126577945363274,0.31542997528912853,0.2878228782287823
carnivore,2023-09,581,361,476,112,0.5454560582348765,0.19370932769416452,0.14705882352941177
carnivore,2023-10,239,175,269,62,0.657596266802528,0.25437065598310005,0.3159851301115242
carnivore,2023-11,606,374,512,117,0.5825891945853744,0.3037520712688742,0.29296875
carnivore,2023-12,777,450,611,135,0.43394977140268104,0.19140432742994995,0.29296235679214405
carnivore,2024-01,970,567,787,148,0.42912205336704645,0.215582251598914,0.2719186785260483
carnivore,2024-02,995,564,780,158,0.3704232543024117,0.19796569670659878,0.35
carnivore,2024-03,1309,700,965,179,0.4206055690354823,0.21562243458076993,0.2683937823834197
carnivore,2024-04,857,566,756,156,0.40252811683923406,0.24515878243294728,0.25925925925925924
carnivore,2024-05,860,522,731,143,0.4075266475686963,0.19740101399980187,0.30506155950752395
carnivore,2024-06,1138,642,938,159,0.3754546532254232,0.2065023841681649,0.2302771855010661
carnivore,2024-07,934,586,816,131,0.5018862023288196,0.2151448944701817,0.20465686274509803
carnivore,2024-08,636,406,593,118,0.4956546831817357,0.259105748005858,0.2984822934232715
carnivore,2024-09,962,585,826,162,0.4453845536023907,0.17194399667054447,0.22639225181598063
carnivore,2024-10,762,465,677,153,0.43940157849416134,0.23751430635869117,0.29394387001477107
carnivore,2024-11,822,512,735,152,0.3905383443278864,0.21571773420220205,0.25578231292517006
carnivore,2024-12,907,503,724,142,0.45179505065478504,0.2012427021733881,0.04419889502762431
carnivore,2025-01,56,51,98,41,0.6374600236729489,0.7662631582910993,0.05102040816326531
carnivore,2025-02,12,12,36,9,0.9259759067123093,1.0103323697726476,0.0
carnivore,2025-03,2,2,15,6,1.901822729868514,3.148598280545482,0.0
carnivore,2025-04,0,0,2,0,,,
keto,2023-01,8320,3432,4752,463,0.15128648394369085,0.10518469139546227,0.28703703703703703
keto,2023-02,6474,2950,4101,424,0.15882661293635536,0.09884578355276255,0.30992440868080956
keto,2023-03,6587,3027,4050,405,0.1735028321837093,0.10258242974687842,0.3360493827160494
keto,2023-04,7365,3244,4396,432,0.14978418877839525,0.09918241411473297,0.3503184713375796
keto,2023-05,7498,3399,4581,431,0.16620517104690652,0.11222648357736742,0.34468456668849595
keto,2023-06,8151,3504,4661,439,0.14625887953799846,0.0986307144380855,0.3271830079382107
keto,2023-07,7487,3020,4134,437,0.15299459745626834,0.1226193634666158,0.31398161586840834
keto,2023-08,6744,2942,3894,409,0.21248006713887155,0.10286260020381688,0.3109912686183873
keto,2023-09,6096,2727,3646,388,0.22005643878516454,0.07523160258487752,0.33296763576522215
keto,2023-10,6713,2799,3712,408,0.1847661659927165,0.07649441339240194,0.3297413793103448
keto,2023-11,6677,2878,3743,411,0.18350275015498424,0.09439599734201211,0.3422388458455784
keto,2023-12,6900,3017,4039,407,0.16580764674052131,0.10257153773506426,0.37236939836593214
keto,2024-01,10811,3942,5182,488,0.1662513673727914,0.1325324251809293,0.33481281358548826
keto,2024-02,9864,3759,4873,467,0.1478272774073906,0.08675014631573592,0.32710855735686434
keto,2024-03,8537,3546,4734,448,0.16518509266175477,0.08403093225112847,0.34621884241656103
keto,2024-04,9532,3918,5212,448,0.14043419636147442,0.11004024962881345,0.2854950115118956
keto,2024-05,7694,3065,4095,419,0.17541565470053497,0.09447320302172722,0.34065934065934067
keto,2024-06,7857,3571,4632,406,0.16233372508628408,0.08463735098057339,0.3262089810017271
keto,2024-07,8744,3684,4901,459,0.1489155592504124,0.09509447178198226,0.34768414609263415
keto,2024-08,9312,3938,5251,466,0.14706238128633195,0.09441727667430043,0.32774709579127786
keto,2024-09,8128,3657,4933,427,0.1543640252676514,0.09505569448504224,0.3075207784309751
keto,2024-10,7649,3236,4436,428,0.1846597508904087,0.09926710966345358,0.31492335437330926
keto,2024-11,6474,2840,3764,414,0.18680868067897088,0.09795293687023929,0.3336875664187035
keto,2024-12,6330,2753,3633,389,0.18138304279248277,0.0962543473245107,0.040737682356179465
keto,2025-01,190,163,333,56,0.25413168565615607,0.44360259713782485,0.009009009009009009
keto,2025-02,37,36,111,19,0.6031053169052888,0.8102877146019789,0.04504504504504504
keto,2025-03,37,33,97,35,0.6012285001986376,0.9000181697340608,0.010309278350515464
keto,2025-04,2,2,6,13,0.6494846412561002,2.7492476643430797,
mediterraneandiet,2023-01,428,226,341,84,0.693591973489743,0.2685398103983311,0.2287390029325513
mediterraneandiet,2023-02,280,162,236,70,0.9910516536982781,0.32887394720806284,0.2542372881355932
mediterraneandiet,2023-03,308,187,254,71,0.761250259822732,0.2809930327039329,0.23622047244094488
mediterraneandiet,2023-04,310,212,298,70,0.8229925344651996,0.2927857716131923,0.25838926174496646
mediterraneandiet,2023-05,386,241,354,85,0.6858990960696649,0.23623748585110244,0.2401129943502825
mediterraneandiet,2023-06,303,189,266,76,0.802560913754332,0.3514975483338411,0.24060150375939848
mediterraneandiet,2023-07,292,175,234,69,0.8151518740039091,0.2503994752122894,0.2564102564102564
mediterraneandiet,2023-08,190,131,197,62,0.83852014689543,0.23480712429271683,0.19796954314720813
mediterraneandiet,2023-09,253,152,225,76,0.6788171234911179,0.255390979162891,0.29333333333333333
mediterraneandiet,2023-10,388,227,313,73,0.7970121213296731,0.2834692738524204,0.2012779552715655
mediterraneandiet,2023-11,264,167,243,59,0.713059549547919,0.2550265108725903,0.30864197530864196
mediterraneandiet,2023-12,347,188,266,75,0.6335970444788789,0.321088507223187,0.38345864661654133
mediterraneandiet,2024-01,932,415,595,116,0.6231105512566004,0.16717324635338404,0.28403361344537814
mediterraneandiet,2024-02,778,362,503,102,0.674274298004557,0.18466446951334475,0.29025844930417494
mediterraneandiet,2024-03,704,389,547,118,0.5634148720923786,0.2169795605934624,0.263254113345521
mediterraneandiet,2024-04,676,370,517,109,0.709112374627148,0.17176109050078742,0.29593810444874274
mediterraneandiet,2024-05,851,382,558,112,0.6043886386686907,0.18419772461478587,0.3100358422939068
mediterraneandiet,2024-06,827,494,686,112,0.5593990961880949,0.18435764764920853,0.30903790087463556
mediterraneandiet,2024-07,1790,1094,1479,160,0.49210135547101463,0.1662645454359392,0.2427315753887762
mediterraneandiet,2024-08,1467,848,1262,137,0.5754164234431117,0.14439766560887493,0.3019017432646593
mediterraneandiet,2024-09,2123,1096,1459,168,0.5082793854482544,0.16478035378277775,0.21521590130226181
mediterraneandiet,2024-10,1269,731,1061,137,0.5425587405084045,0.1801947459075171,0.17813383600377003
mediterraneandiet,2024-11,724,429,616,111,0.6162652507847896,0.1924736686174953,0.262987012987013
mediterraneandiet,2024-12,896,527,755,105,0.6201806409490747,0.2730381482805855,0.038410596026490065
mediterraneandiet,2025-01,55,51,103,56,0.6803457671345852,0.7581630259409352,0.038834951456310676
mediterraneandiet,2025-02,17,16,45,22,0.9849371379222714,1.4848478165382673,0.022222222222222223
mediterraneandiet,2025-03,22,20,40,13,1.1332333639941328,1.3753802220711682,0.025
mediterraneandiet,2025-04,5,5,10,26,0.34845464559211925,2.0268156212555937,
nutrition,2023-01,3131,1860,2758,281,0.26913534175813447,0.13653913198060819,0.21501087744742567
nutrition,2023-02,2959,1798,2672,248,0.244786880443056,0.1487521359722777,0.218562874251497
nutrition,2023-03,3261,1993,2846,266,0.2533297457219195,0.1255412832040182,0.17146872803935348
nutrition,2023-04,2248,1307,2005,228,0.3120390293823324,0.14185701161752504,0.2114713216957606
nutrition,2023-05,1969,1193,1801,216,0.36840657901719487,0.1632104029418351,0.20210993892282064
nutrition,2023-06,1473,941,1362,193,0.34824461694628384,0.1743868428264747,0.2393538913362702
nutrition,2023-07,2019,1085,1647,228,0.30083641446506915,0.14395308145166458,0.2161505768063145
nutrition,2023-08,1771,1012,1500,207,0.37940932404375244,0.15855933416574922,0.24066666666666667
nutrition,2023-09,2330,1445,2141,236,0.35094859436959047,0.163044997124062,0.23727230266230734
nutrition,2023-10,2950,1785,2484,231,0.30473297324146853,0.1330838657609365,0.23107890499194847
nutrition,2023-11,3089,1771,2589,272,0.25193486008588456,0.09749350475378885,0.24372344534569332
nutrition,2023-12,3592,2048,2924,287,0.24337807349369686,0.10854241809225808,0.3317373461012312
nutrition,2024-01,7215,3879,5805,435,0.1620169135320166,0.1663424298414484,0.2277347114556417
nutrition,2024-02,5577,2968,4453,369,0.19633061864998386,0.11179399348843015,0.24747361329440826
nutrition,2024-03,5886,3126,4603,380,0.1934320975187108,0.12175245172262272,0.2650445361720617
nutrition,2024-04,7145,3625,5255,386,0.17530796799057868,0.09820447922544981,0.25423406279733585
nutrition,2024-05,7468,3539,5186,403,0.1755248812520006,0.11689820425912942,0.24797531816428847
nutrition,2024-06,6222,3119,4826,383,0.16450750121541566,0.10349742045765288,0.27351844177372564
nutrition,2024-07,8297,4266,6086,404,0.15515145329554444,0.1180589409969067,0.24449556358856392
nutrition,2024-08,7912,3839,5957,398,0.19247857939653135,0.11193757676097638,0.24525768004028872
nutrition,2024-09,7165,3296,5060,392,0.17164624749379342,0.1074715398274416,0.22845849802371543
nutrition,2024-10,5677,2811,4062,360,0.2211558759935063,0.11619281058019466,0.27868045297882815
nutrition,2024-11,6706,3290,4926,394,0.19815264930298915,0.12389645819753826,0.27161997563946405
nutrition,2024-12,6883,3553,5035,383,0.17531839662912638,0.11058851821736311,0.025620655412115195
nutrition,2025-01,191,173,413,71,0.3027122873877908,0.46092537495336167,0.024213075060532687
nutrition,2025-02,87,84,237,73,0.20776458320416025,0.7348868128585916,0.03375527426160337
nutrition,2025-03,85,70,203,63,0.24142592408444324,0.9113262179106983,0.0049261083743842365
nutrition,2025-04,8,8,15,6,0.6842467475153123,2.0275324676316338,
vegan,2023-01,11996,4888,7220,596,0.16211081940886293,0.1137261017190221,0.3556786703601108
vegan,2023-02,10806,4613,6816,567,0.15817607923922797,0.11696596666196851,0.3814553990610329
vegan,2023-03,11946,4990,7453,599,0.14422158931861886,0.1355255972318096,0.3289950355561519
vegan,2023-04,9971,4277,6222,550,0.14599204622766873,0.0960777025875577,0.40501446480231434
vegan,2023-05,12675,4974,7076,617,0.12131407145905475,0.11374614902263391,0.37945166760881854
vegan,2023-06,11167,4682,6636,571,0.1257001378994324,0.0943388401534795,0.4014466546112116
vegan,2023-07,13632,5558,7646,634,0.09207208549725178,0.0944174376653178,0.3871305257651059
vegan,2023-08,14703,5906,8040,713,0.08020028687331734,0.11797876886495089,0.39092039800995027
vegan,2023-09,14464,6240,8663,670,0.09110245794879492,0.11260601992908682,0.39397437377351957
vegan,2023-10,15754,6695,9445,696,0.09635045544614308,0.13331460961020894,0.35764955002646903
vegan,2023-11,13440,5666,8123,638,0.10936340299866644,0.10370650081118678,0.34359226886618244
vegan,2023-12,11113,4858,6977,601,0.10886980304849407,0.08728225181783712,0.35273039988533755
vegan,2024-01,10349,4818,6964,607,0.18617916733557396,0.11047546739599255,0.3598506605399196
vegan,2024-02,11127,5237,7371,667,0.1438363891475836,0.10675767540488171,0.3989960656627323
vegan,2024-03,12768,6144,8702,708,0.13219666255934812,0.11531289653904572,0.3272810848080901
vegan,2024-04,10523,5012,7194,608,0.1452516216050316,0.0996446930711555,0.3722546566583264
vegan,2024-05,11729,5431,7600,678,0.1320758904799067,0.11467740239602313,0.3194736842105263
vegan,2024-06,8719,4328,6081,581,0.16423346359055985,0.08263463078806708,0.38957408320999837
vegan,2024-07,11459,5512,7611,659,0.14840702495327338,0.09879756486154347,0.37669163053475235
vegan,2024-08,12464,5816,8347,690,0.14372182270515546,0.11780517098857744,0.32466754522582963
vegan,2024-09,10227,4987,7006,626,0.14080734201008716,0.08961427741325091,0.411647159577505
vegan,2024-10,13218,6549,9292,688,0.111143527478823,0.09839476946601493,0.34459750322858373
vegan,2024-11,11834,5519,7669,653,0.11185253561772392,0.10273130149045892,0.3803624983700613
vegan,2024-12,11941,5388,7728,665,0.12227062373996755,0.1074463700359134,0.034290890269151136
vegan,2025-01,214,195,486,80,0.37506896468554984,0.6144261375966893,0.012345679012345678
vegan,2025-02,63,61,138,35,0.4590622796150074,0.8004896069623317,0.014492753623188406
vegan,2025-03,56,53,122,36,0.4032698831533705,0.8333856559922752,0.01639344262295082
vegan,2025-04,1,1,10,7,0.9183299535486802,3.484093314286299,
veganketo,2023-01,78,70,106,27,1.0047149066051704,0.3848776838101991,0.09433962264150944
veganketo,2023-02,30,30,52,12,1.7333111722831764,0.8887213667866593,0.09615384615384616
veganketo,2023-03,34,33,58,20,1.1256301650552558,0.5851958033340791,0.1724137931034483
veganketo,2023-04,75,65,89,51,1.013067702839656,0.4276002820365845,0.20224719101123595
veganketo,2023-05,60,50,106,30,1.0804220310941077,0.44372896697005815,0.08490566037735849
veganketo,2023-06,24,23,39,9,1.4909474514767518,0.7419696558665319,0.05128205128205128
veganketo,2023-07,14,14,31,14,1.384179550224299,0.9457445434253662,0.16129032258064516
veganketo,2023-08,16,14,28,4,2.55719844186024,1.6478352327521333,0.14285714285714285
veganketo,2023-09,11,9,16,24,1.650864972105771,0.7177281770831033,0.1875
veganketo,2023-10,12,12,18,6,1.781910321289584,0.8106432391499636,0.3888888888888889
veganketo,2023-11,64,58,81,30,1.2254924592149563,0.5015316960824513,0.012345679012345678
veganketo,2023-12,4,4,10,42,1.7092309843767473,1.1769961760066827,0.2
veganketo,2024-01,76,66,99,35,0.8935864668054965,0.366724742284127,0.12121212121212122
veganketo,2024-02,65,60,81,30,0.8188334193216767,0.4956682642453411,0.13580246913580246
veganketo,2024-03,31,28,44,16,1.0518410022446008,0.6067091693064168,0.18181818181818182
veganketo,2024-04,44,32,47,23,1.0775909085072413,0.4678446517602573,0.2553191489361702
veganketo,2024-05,46,34,51,22,1.0125428166476391,0.49844401767855384,0.19607843137254902
veganketo,2024-06,23,21,39,23,1.1525557928957866,0.8147132590054763,0.05128205128205128
veganketo,2024-07,24,21,34,10,1.3183706481541204,0.7294064951831392,0.17647058823529413
veganketo,2024-08,44,41,64,18,1.0087455378940595,0.5807016181761588,0.109375
veganketo,2024-09,45,39,58,20,1.105581844537241,0.5540615148541952,0.22413793103448276
veganketo,2024-10,33,26,53,19,0.9128515043647675,0.48792248408082545,0.09433962264150944
veganketo,2024-11,8,7,15,3,1.6699252256402717,0.9863625401536744,0.0
veganketo,2024-12,12,12,18,18,1.202673834571022,0.6919902555689598,0.05555555555555555
veganketo,2025-01,0,0,4,0,,,0.0
veganketo,2025-02,1,1,2,5,1.4651711867819759,1.7722332045665805,0.0
veganketo,2025-03,1,1,3,2,2.47928731647617,3.0380237400451575,0.0
veganketo,2025-04,0,0,1,0,,,
whole30,2023-01,1734,561,697,177,0.4487355303877666,0.16166742686850233,0.23959827833572453
whole30,2023-02,426,256,341,80,0.5912942910245867,0.2658273474883749,0.18181818181818182
whole30,2023-03,290,208,272,68,0.6814725838311144,0.31553213780995554,0.20588235294117646
whole30,2023-04,194,148,201,70,0.779232516285583,0.4806010031319241,0.208955223880597
whole30,2023-05,207,132,175,62,0.7562810134985132,0.370780736173694,0.16
whole30,2023-06,151,81,118,59,0.8706260355203899,0.4850890150956046,0.1694915254237288
whole30,2023-07,126,91,113,49,0.9189602382209662,0.5805042913510602,0.37168141592920356
whole30,2023-08,189,121,163,66,0.7447118669718951,0.32409058706613864,0.2822085889570552
whole30,2023-09,198,133,180,43,1.0095089018221806,0.5928550489212668,0.1388888888888889
whole30,2023-10,65,51,73,22,1.1401186495873967,0.541922005887712,0.2465753424657534
whole30,2023-11,82,66,98,41,0.9003387347411,0.5161865867844102,0.17346938775510204
whole30,2023-12,141,101,134,58,0.7196082712112251,0.4461376434876819,0.47761194029850745
whole30,2024-01,950,364,471,126,0.5700855419891495,0.17842623905886904,0.2760084925690021
whole30,2024-02,327,190,262,77,0.6555800937575117,0.2620651256190103,0.2862595419847328
whole30,2024-03,323,218,273,68,0.6724019339220474,0.2291182774728955,0.27472527472527475
whole30,2024-04,256,166,219,67,0.6395209591814588,0.32668860741262384,0.2146118721461187
whole30,2024-05,173,128,177,45,0.8618854999560859,0.46568140028268434,0.21468926553672316
whole30,2024-06,170,113,157,61,0.6957065070518549,0.35329935022114156,0.2611464968152866
whole30,2024-07,191,141,191,48,0.7384156444876785,0.35204914456803693,0.24607329842931938
whole30,2024-08,270,167,226,76,0.6278785916209039,0.33971709860743654,0.3141592920353982
whole30,2024-09,463,294,380,89,0.6471381836952179,0.2695988651563151,0.25526315789473686
whole30,2024-10,283,173,232,54,0.7576328412265642,0.3165606414461938,0.22413793103448276
whole30,2024-11,204,127,168,51,0.7498044609962158,0.4042547528243571,0.1488095238095238
whole30,2024-12,125,91,129,44,1.1260337260701667,0.6576699735098805,0.06976744186046512
whole30,2025-01,22,20,38,33,0.9096745477380425,0.9794200460864804,0.02631578947368421
whole30,2025-02,5,5,10,3,1.5863457694708167,1.759966242469521,0.0
whole30,2025-03,5,5,13,62,0.781356859940928,1.9282889381254413,0.0
